"variable","label","class","levels","role","missingness"
"participant_id","Study participant identifier","character","","Study structure","None planned"
"age","Age at index presentation (years)","numeric","","Analysis variable","None planned"
"sex","Sex recorded for clinical assessment","factor","Female | Male","Analysis variable","None planned"
"bmi","Body mass index (kg/m2)","numeric","","Analysis variable","Documented clinical-workflow missingness"
"smoking","Smoking status","factor","Never | Former | Current","Analysis variable","None planned"
"hypertension","History of hypertension","factor","No | Yes","Analysis variable","None planned"
"diabetes","History of diabetes","factor","No | Yes","Analysis variable","None planned"
"dyslipidemia","History of dyslipidemia","factor","No | Yes","Analysis variable","None planned"
"cholesterol","Total cholesterol (mg/dL)","numeric","","Analysis variable","Documented clinical-workflow missingness"
"presentation_hours","Hours from symptom onset to presentation","numeric","","Analysis variable","Documented clinical-workflow missingness"
"systolic_bp","Systolic blood pressure (mmHg)","numeric","","Analysis variable","None planned"
"renal_impairment","Renal impairment (eGFR below 60 mL/min/1.73 m2)","factor","No | Yes","Analysis variable","None planned"
"dialysis","Maintenance dialysis","factor","No | Yes","Analysis variable","None planned"
"adjudicated_acs","Adjudicated acute coronary syndrome","factor","No | Yes","Analysis variable","None planned"
"diagnostic_substudy","Enrolled in point-of-care diagnostic substudy","factor","No | Yes","Substudy structure","None planned"
"poc_hstn_value","Point-of-care high-sensitivity troponin (ng/L)","numeric","","Analysis variable","Structural outside diagnostic substudy; occasional technical failure inside"
"poc_hstn_positive","Point-of-care troponin index-test result","factor","Negative | Positive","Analysis variable","Structural outside diagnostic substudy; occasional technical failure inside"
"length_of_stay","Index hospital length of stay (days)","integer","","Analysis variable","None planned"
"ed_visits","Emergency department revisits during 1-year follow-up","integer","","Analysis variable","None planned"
"rehospitalized","Hospital readmission during 1-year follow-up","factor","No | Yes","Analysis variable","None planned"
"mace_time_days","Time to MACE or censoring after presentation (days)","numeric","","Analysis variable","None planned"
"mace_event","Observed MACE event before censoring","factor","No | Yes","Analysis variable","None planned"
